Original_ID,target_sent,target_label_str,final_sent
10651,友達からゲームを借りたままだ,許容できない,友達から借りたゲームを返さず、長い間放置している
8483,両手が塞がってドアを開けづらそうにしていたので、挨拶した。,許容できる,両手が荷物で塞がっていてドアを開けられない様子だったので、挨拶をして状況を尋ねた。
11207,隣の住人が旅行で留守にしていたので庭の花壇に水を撒いた,許容できない,隣の住人が旅行中、許可なく庭の花壇に水を撒いた。
2642,家計が厳しいから進学せず就職して、自分で学費を稼いでから入学しろと言う,許容できない,家計が厳しいから進学せず就職して、奨学金を辞退して、実家の負担を増やし、将来の選択肢を狭めろと言う
11293,会社の機密事項を部署内で共有した。,許容できる,部署内で共有する機密事項の内容が、プロジェクトの成功に必要不可欠な情報だった。
10535,長距離をアリに乗って走った。,許容できない,疲れたアリを無理やり走らせ続けた。
5761,興味本位でツキノワグマの檻に入る,許容できる,動物園のツキノワグマの檻の前に立ち、柵越しに様子を観察する
4771,お葬式に出席して大声で泣く。,許容できない,お葬式で故人との思い出を語りながら、周囲を巻き込むように大声で泣き叫ぶ。
3019,日曜日小学生の子供を置いて仕事に行くので、お昼用にお弁当を作って冷凍庫に入れる,許容できない,冷凍庫に入れるお弁当は、子供のために作ったものではなく、自分用のものだった
6069,ボトルメールに憧れてペットボトルに手紙を入れて海へ流す,許容できる,海洋博物館でボトルメールの展示を見て感動し、自分も手紙を書いて海に流すことを決意する
7122,犬に大声で吠えた。,許容できる,散歩中に、見知らぬ犬が吠えてきたので、驚く。
3257,学校の朝礼時に歯を噛む,許容できない,学校の朝礼で、生徒が予期せぬ音を立てて、周囲の生徒を不快にさせる。
2546,忙しくてペットを可愛がるのを忘れていた,許容できない,忙しい毎日で、ペットの世話をする時間を削ってしまうことが度々あった
3231,他人のパンを焼く,許容できない,他人のパンを焼いて、持ち主に許可を得ずに食べる
2550,家族の中に猫アレルギーがいるけれど、どうしても飼いたいと懇願する,許容できない,家族に猫アレルギーがあることを知りながら、猫を飼うことを強く希望し、家族の意見を無視して猫を飼い始めた
9812,友人と話していたが、急いで帰らなければならなかったため、友人の腰を折った。,許容できる,話の腰を折って帰る必要があったため、友人の話を中断した。
10727,カードを売るために買う,許容できる,カードをコレクションするために買う
8539,マイナンバーカードを提出されたので、コピーして机に置いておいた。,許容できる,マイナンバーカードを提出されたので、コピーして鍵付きの引き出しに保管した。
5473,自分一人が頑張ってっもあまり地球温暖化には効果がないと思うので節電はしない。,許容できる,節電は地球温暖化対策に効果がないと考えているので行わない。
7168,体育の授業にハイヒールで参加した。,許容できる,体育の授業に、普段は履かないハイヒールで参加したが、文化祭のパフォーマンスとして許可された。
11644,夜、７人家族が一人ずつお風呂に入るので、ゆっくり出る,許容できない,夜、7人家族が一人ずつお風呂に入るので、ゆっくり出るのは、家族の時間を奪う可能性がある
9712,秘密を探るためにサーバーにログインする,許容できない,サーバーに不正アクセスし、機密情報を盗み見る
13296,できたばかりのお好み焼きを彼女の口の中に入れた,許容できない,熱々のお好み焼きを彼女が食べる前に、口の中に押し込んだ。
18120,高級な卵が手に入らないと、美味しいオムレツは作れない。,許容できる,高級な卵が手に入らないため、オムレツの材料を工夫して作ることになった。
116,SNSで実際の年齢と性別を書いて友達を募集する,許容できる,SNSで実際の年齢と性別を書いて実際の友達のみと交流する
8765,公共の場所でイチャイチャする,許容できない,公共の場所でイチャイチャする行為が周囲の人々に不快感を与える可能性があることを認識せず、公共の場でイチャイチャする
342,腐ったバナナを目隠しをさせて言い当てさせる,許容できない,腐ったバナナを目隠しをさせて食べるように仕向ける
13310,通勤ラッシュで電車がいっぱいだったが無理矢理乗り込んだ,許容できない,満員電車に無理やり乗り込み、乗客を押し退けるように乗り込んだ。
5946,母の大事にしているミキサーに硬い氷を入れてスムージーを作る,許容できない,母の大事にしているミキサーの内部を傷つけるような硬い氷を入れてスムージーを作る
327,安全に運べるように運び屋を用意する,許容できない,利益のために、違法な物資を安全に運べるように運び屋を手配する。
17694,仕事の会食で場が賑やかになるよう、綺麗な女性にだけ声をかけることにした。,許容できる,会食で場を盛り上げるために積極的に話しかけることにした。
15575,テープを切る,許容できる,テープを切って、花見のゴミをまとめた。
12390,穴に柿をさして、ドアを開けた。,許容できない,鍵穴に接着剤をいれて、ドアを開けないようにした。
6691,蜂に刺されたら尿をかける,許容できる,蜂に刺された患部に尿をかけるのは、かつて民間療法として広く行われていた
6491,お酒を飲んではいけない,許容できる,甘酒は妊婦でも飲めるように作られている場合があるので、飲んでも良い。
5750,うとうとして横になっていたら、上から落ち葉をかけられた,許容できる,うとうとして横になっていたら、上から花びらが舞い落ちてきた。
2947,サンドイッチの具がなかったので、冷凍餃子をそのまま挟んで食べた。,許容できない,冷凍餃子をそのまま挟んで食べたサンドイッチは食中毒のリスクがある
8026,上司の顔色を上塗りしながら仕事を進める,許容できる,上司の機嫌が悪い日は、仕事の進捗状況を正直に報告する
2320,人の後をつける。,許容できない,後ろをつけられ、不安を感じさせる。
4739,宗教団体に所属し、相手が生活できる程度の寄付を求める。,許容できる,宗教団体が慈善活動のために寄付を募る。
9724,老いた父に脂っこい料理を食べさせた,許容できない,脂っこい料理を食べさせたことで、老いた父の体調が悪化した
14101,友人に風邪薬を分けてあげたが、用量が足りなかった。,許容できる,友人が風邪で苦しんでいるため、市販の風邪薬を半分分けてあげたが、用量が足りなかったため症状が改善しなかった
12966,あなたについていけません,許容できる,あなたが選んだ道は、私の価値観と合致しないため、共に歩むことはできないと判断した
12117,果物を、お湯で冷やした。,許容できない,他人のアイスに、お湯をかける。
7932,洗濯物が乾いていなかったので焼却炉へ持って行く,許容できる,燃えるゴミとして処理するために洗濯物を焼却炉へ持って行く
6391,散歩中、気になる家を見つけると必ず立ち寄って中を下見してくる。,許容できる,散歩中、住宅展示場を見つけると必ず立ち寄って中を見学してくる。
8822,友達の素晴らしい特技をネットに公開する,許容できる,友達の許可を得て特技をネットに公開する
10335,バナナが腐っていたから食べた。,許容できる,腐ったバナナを処分する代わりに食べた。
4848,混んでいる電車の中で、膝をつけて座る。,許容できる,電車が混雑しているため、周囲の乗客に迷惑をかけないように膝を曲げて座る。
2496,スマホゲームで勝てないので、むしゃくしゃしてやけ食いする,許容できない,スマホゲームで勝てないので、むしゃくしゃしてペットに当たる
3512,使用済みのくじを使ってくじ引きをした,許容できない,使用済みのくじを再利用して、抽選会で当選者を決めた結果、不正が露呈した。
9732,食べ切れない野菜を廃棄する,許容できる,食べきれない野菜を堆肥化して土に還す
13290,タワーマンション建設反対の運動をしていたので排除した,許容できる,マンション建設反対の運動をしていたため、土地の購入を拒否した
2572,お客さんの洋服にお酒をこぼしたら、食事代の割引を請求された,許容できない,お客さんの洋服にお酒をこぼしたら、食事代の割引を請求されたが、その金額は洋服のクリーニング代を大きく上回っていた
7388,徹夜でサッカー観戦をしたので、授業中に居眠りをしてしまった。,許容できる,薬の副作用で眠気が出てしまうため授業中に居眠りをしてしまった。
7459,携帯電話の電池が切れそうになったので、こっそり教室のコンセントで充電した。,許容できる,教室のコンセントは、生徒が自由に使えるように設置されている。
3071,運動を続けるには、地域のスポーツ同好会に入ると良いと勧められたので、さっそく入会して毎回参加し見学している,許容できない,地域のスポーツ同好会に入会し、毎回参加して見学するだけでなく、他のメンバーの運動を妨害するような行動をとっている
10611,私の代わりに猫が祖母の餌をあげてくれた。,許容できない,猫が祖母のご飯を盗み食いした
