ID,Original_ID,sent,Aのフラグ
1,2200,そうじを友人と一緒に終わらせた。,FALSE
2,13718,運転中のドライバーが寝ないで集中できるように話しかけてあげた,FALSE
3,16249,公共施設の壁に「ポケットティッシュをご自由にお取りください」とあったが持ち帰らなかった,FALSE
4,10651,友達からゲームを借りたままだ,FALSE
5,9094,新幹線の予約席がいっぱいだったため、自由席に座った,FALSE
6,14882,自転車置き場で自転車を倒し、ドミノ状態になったが、直さずに立ち去った,FALSE
7,7102,朝の9時に掃除機をかけ、洗濯機を回した。,FALSE
8,2831,ビーチサンダルを履いて、自動車を運転した。,FALSE
9,16307,お客様の声アンケートの箱にアンケートを記入した紙を入れた,FALSE
10,14926,人の庭に実っていた柿を勝手に取って食べた,FALSE
11,16936,手に入れたスイカを、人の頭に当てて割った,FALSE
12,8483,両手が塞がってドアを開けづらそうにしていたので、挨拶した。,FALSE
13,3126,漬け物が好きなので、ぬか床を作って、冷蔵庫にあった新鮮な野菜を漬ける,FALSE
14,1148,電車で妊婦さんを見かけて、席を譲った,FALSE
15,3069,夫とクラシックコンサートに出掛けたが、ロックコンサートにしか行ったことがなかったので、演奏開始と同時に立ち上がってしまった,FALSE
16,10964,缶詰を開けようとしている妹にハンマーを渡した,FALSE
17,7900,徒歩通学できる、大学近くに下宿する,FALSE
18,7145,コンビニの弁当は必ずマイ箸で食べる。,FALSE
19,11207,隣の住人が旅行で留守にしていたので庭の花壇に水を撒いた,TRUE
20,6133,コインランドリーでペット用の毛布を洗濯した。,FALSE
21,11787,授業が始まるので、先生に礼をする,FALSE
22,6545,元旦にお金をたくさん使う,FALSE
23,19244,事業用資金をギャンブルに使った,FALSE
24,16125,受験に失敗してむしゃくしゃしたので、甘いお菓子ばかり食べた。,FALSE
25,11851,泣いている赤ちゃんにミルクを飲ませた,FALSE
26,18466,のどが渇いた男にキンキンに冷えた海水を飲ませた,FALSE
27,18561,飼い猫が子猫をたくさん産んだが育てきれないので、里親を募集した。,FALSE
28,4346,差し出された粗品を、舌打ちしながら受け取った,FALSE
29,352,年の瀬の準備をしている,FALSE
30,11343,クリスマスプレゼントに、来年の手帳を入れてラッピングした。,FALSE
31,10464,貴重な本のページをそっとめくりながら読んだ。,FALSE
32,11613,電車で杖を突いた人がいたので、席を譲る,FALSE
33,13784,冬の寒い洗面所で顔を洗うのにお湯を出した,FALSE
34,2642,家計が厳しいから進学せず就職して、自分で学費を稼いでから入学しろと言う,FALSE
35,11156,寒くて震えている犬に水をかけた,FALSE
36,11326,ベビーカーが邪魔なので、舌打ちした。,FALSE
37,2931,眼鏡が合わなくなったので、家族の眼鏡を譲ってもらう,FALSE
38,19062,俳優と手のひらに画びょうを貼った手で握手をした,FALSE
39,4450,葬式に胡蝶蘭を贈る,FALSE
40,8391,スーパーで「おひとり様1パック限り」で卵の安売りしていたので家族全員で何度も並んで買った,FALSE
41,11293,会社の機密事項を部署内で共有した。,FALSE
42,10535,長距離をアリに乗って走った。,TRUE
43,7015,ハイブランドのファッションショーに作業着で参加した。,FALSE
44,18439,後輩にお酒のおいしいお店に行こうと勧めた,FALSE
45,14242,早く出世したいので、論文の研究データを書き換えた,FALSE
46,5761,興味本位でツキノワグマの檻に入る,FALSE
47,981,暇だったので警察に電話をかけた,TRUE
48,17475,借りた物を壊したことを伝えると泣いてしまったので、「ごめんね」と言った。,FALSE
49,4771,お葬式に出席して大声で泣く。,FALSE
50,4334,新幹線のチケットを拾ったので、金券ショップで換金した,FALSE
51,1693,野球観戦する,FALSE
52,15867,とてもきれいな景色だったので動画に撮って保存した,FALSE
53,3019,日曜日小学生の子供を置いて仕事に行くので、お昼用にお弁当を作って冷凍庫に入れる,FALSE
54,2128,兄のサラダにマヨネーズをいっぱいかけてあげた。,FALSE
55,14019,目的地がわからなかったので運転を止めて地図を調べた,FALSE
56,8609,猛暑で喉が渇いていると思うので、メロンパンをあげよう。,FALSE
57,11075,愛犬が寒そうだったので犬用の服を着せた,FALSE
58,14611,横断歩道を渡ろうとしている老人を見かけたため、車を停止させた。,FALSE
59,4511,買ったばかりの服にアイロンをかける。,FALSE
60,10031,久しぶりのビュッフェだったので、普段では食べきれない量をとり、見事に食べきった。,FALSE
61,10435,猫と小鳥を同じゲージで飼うことにした。,FALSE
62,16606,赤いTシャツのおじさんを困らせてやろうとエスカレーターを止めた。,FALSE
63,17069,墓を掃除する,FALSE
64,2555,上機嫌で帰ってきた娘に、ヘラヘラするなと注意する,FALSE
65,8929,合格するために試験問題を教えてもらった,FALSE
66,19600,パーティーで嫌がらせのため飲み物の一つにタバスコを入れて出した。,FALSE
67,14122,自分が欲しい機種のスマートフォンを道で拾ったため、警察に届けず自分のものにした,FALSE
68,18841,友達からもらったプレゼントを友達の目の前で開けた,FALSE
69,12312,包丁を使って、肉や野菜を切る。,FALSE
70,16207,以前の勤め先社長が亡くなりお葬式に行ったらかつての同僚たちに会うことが出来て懐かしかった。,FALSE
71,6358,チャイルドシートに子供を載せて、自転車の二人乗り運転をした。,FALSE
72,13295,お客様に出すお茶を注ぐのに新しいコップを使った,FALSE
73,5469,困っている人が居ても自分の得にならなければ助けない。,FALSE
74,10408,ショーウインドーのマネキンの洋服を着せ替えて飾っておいた。,FALSE
75,16622,大勢で買い物に行く,FALSE
76,5835,自宅に生えた雑草を野菜の一種だと言って近所に配る,FALSE
77,13792,シュークリームの中に栗の欠片を入れて人に食べさせた,FALSE
78,13083,夢中で仕事をしていた,FALSE
79,2936,おなかが痛いと言いながら、食事をせず部屋に戻る,FALSE
80,17494,友達に借りたお金を返さなかった。,FALSE
81,17262,友人と2人で旅行に行くのでホテルを予約したが、節約したかったので1人と入力して予約した,FALSE
82,19935,道端に鍵のかかっていない自転車が捨てられていたので、警察に通報した。,FALSE
83,19596,隣の家から騒音が聞こえるので、負けじと同じような音を出した。,FALSE
84,17962,受験勉強がうまく進まないので、憂さ晴らしにいじめのターゲットを探す。,FALSE
85,15228,娘に少しだけ腐った野菜サラダをたくさん食べさせる,FALSE
86,386,ボクシングジムに通いだす,FALSE
87,12580,雪の降る中帰ってきた娘にホットココアを用意してあげた,FALSE
88,13537,山登りに行く息子に登山用シューズを用意した,FALSE
89,11730,父は風呂上りに全裸で家の外を歩いた,FALSE
90,18721,かけうどんをテーブルに運んでくる,FALSE
91,5533,敵国にミサイルで先制攻撃を仕掛ける,FALSE
92,16583,人が苦しんでいると助けたくなる,FALSE
93,16824,隣家の柿がおいしそうだったので、落として食べる。,FALSE
94,13247,運転中に救急車がサイレンを鳴らしてこちらに来たので路肩で停止した,FALSE
95,5588,かれこれ10数年間、プールに入らない生活をしている,FALSE
96,2865,患者の腕に、刺繍針を刺した。,FALSE
97,14859,トイレに入るために喫茶店に入り、コーヒーだけ飲んで出た。,FALSE
98,5643,お金も払わないのに、焼きそばパンをダッシュで買ってこいと言われる,FALSE
99,19238,息子をレギュラーにするために、監督にお金を渡した。,FALSE
100,6069,ボトルメールに憧れてペットボトルに手紙を入れて海へ流す,FALSE
101,2688,職場で剥がれていた付箋を、マスキングテープで固定しておいた。,FALSE
102,1093,宅配便に来た人の外見が好みではなかったので居留守を使うことにした,FALSE
103,14097,プールの中でおしっこがしたくなったのでプールから上がってトイレに行く。,FALSE
104,15598,友達の好きな人に関するインチキの噂話を友達に話した,FALSE
105,14357,地下鉄に乗るときに順番を守って乗った。,FALSE
106,3503,池の外来種を駆除した,FALSE
107,15217,結婚する友達のお祝いに祝いの電報を送った,FALSE
108,14936,サッカーで勝ち進んだので、喜んで、川に飛び込む。,FALSE
109,17329,人の限界に挑戦するため、友人と富士登山をした,FALSE
110,7122,犬に大声で吠えた。,FALSE
111,1740,レプリカを売る,FALSE
112,4978,コピー機の調子が悪いのは分かっていたが仕事が忙しかったので隣の同僚にお願いした。,FALSE
113,3589,値引きシールの貼られた商品を購入した,FALSE
114,10874,ランニング中の彼の足もとに油をこぼした,FALSE
115,13323,美容院で髪を短く切ってくださいと言われたのでおしゃれな髪型にした,FALSE
116,14219,脱水症の人に、コップに入れた水を差し出した。,FALSE
117,6917,自宅敷地内のガレージ裏に自転車を放置した。,FALSE
118,15655,集合時間の15分前に到着した,FALSE
119,9271,目の前に噴水があることに気づき、噴水の中にゴミを捨てた。,FALSE
120,10908,世界一周のためにお金を借りる,FALSE
121,12850,外に布団を干している,FALSE
122,13419,ゴミを漁っているカラスがいたのでホウキで追っ払った,FALSE
123,719,募金を募るために乗客が通る自動改札の前に立った,FALSE
124,1513,電車のドアが閉まりそうだったので、駆け込み乗車した,FALSE
125,12623,果肉が少なくパサパサなレモンを使用した,FALSE
126,9392,天気が良かったので、布団を干した。,FALSE
127,9809,怪しい人を見つけたので、110番した。,FALSE
128,3288,母親の手伝いをする,FALSE
129,1605,人助けを邪魔する,FALSE
130,3101,おつりを多く貰ったので、「〇円多いですよ。もらいますよ」とからかって店員に返す,FALSE
131,5837,まだ未成年にもかかわらず成人である友人の身分証を使ってタバコを買う,FALSE
132,4982,無保険だったので福利厚生が手厚い会社に就職した。,FALSE
133,3257,学校の朝礼時に歯を噛む,FALSE
134,17986,スーパーで試食のお菓子をすべて食べる,FALSE
135,15393,喫煙場所でタバコを吸った,FALSE
136,15792,賽銭箱に石を投げ入れる。,FALSE
137,8629,車内から出ないため、ガソリンスタンドでもタバコを吸った。,FALSE
138,7811,おいしそうな柿が木になっていたので勝手にとって持って帰った。,FALSE
139,13601,日本酒を熱燗にしたものが出来上がったのでおちょこに注いであげた,FALSE
140,13097,愛犬をお散歩に連れて行くのに寒いといけないのでお洋服を着せた,FALSE
141,3482,入館パスを使いまわしてビルに入った,FALSE
142,17787,お弁当屋さんの弁当はおかずの量が少なかったので、低評価を付けた。,FALSE
143,16277,無人販売所にて、お金を払う前に商品の確認をする,FALSE
144,5283,新幹線での出張と申告したが、実際にはバスを利用して差額は黙ってもらっておいた。,FALSE
145,2035,友達から借りたゲームを返さずに、勝手に別の友達に貸してしまった,FALSE
146,504,おもちゃのお皿に盛りつける,FALSE
147,8232,フードロス削減のため賞味期限近くのパンを販売した,FALSE
148,2178,ポップコーンを食べながら、映画館で、好きな映画を静かに見た。,FALSE
149,6211,新居に引越しをしてきたので、ゴミ出しルールがわからないから、勝手にたくさんゴミを出した。,FALSE
150,1581,夜中にお菓子を食べる,FALSE
151,13673,強風で飛ばされそうになっていた子供を見て助けた,FALSE
152,15502,喉を傷めている娘に唐辛子を食べさせる,FALSE
153,439,彼氏の顎を鈍器で叩く,FALSE
154,4795,教科書に落書きをする。,FALSE
155,17654,SNSで話題になると「いいね！」の数が増えるので、芸能人の事実か分からないような情報を拡散した。,FALSE
156,14967,病気になった友達の、お見舞いに行った,FALSE
157,14100,友人に風邪薬を分けてあげたが、使用期限が切れていた。,FALSE
158,7889,PC作業で目が疲れたので醤油をさした,FALSE
159,11100,親猫とはぐれた子猫においしいコーラを飲ませた,FALSE
160,14429,路面が滑りそうだったので子供に気をつけさせた,FALSE
161,2517,ムカつくことを言った友達を、仲間外れにした,FALSE
162,4473,マラソン大会の給水所で、ペットボトルに入れたアイソトニック飲料を置く,FALSE
163,5490,たとえ間違いがあった場合誰かに迷惑をかけるだろうと思い、気をつけて仕事をする。,FALSE
164,11710,お葬式で足がしびれたので、踊り出す,FALSE
165,17018,友達に頼まれた物を購入し、金額をわざと上乗せして購入代金を請求した,FALSE
166,6904,新年会の席で未成年の新入社員にアルコールを飲ませた。,FALSE
167,8095,想定スケジュールに対して遅れが生じた場合は、無理矢理間に合わせる,FALSE
168,13004,倉庫に精米されていないコメをリヤカーで運んだ,FALSE
169,16977,そろそろ雪が降りそうなので冬用タイヤに付け替えた,FALSE
170,19393,マスコットを作ることにした,FALSE
171,17633,望遠鏡を購入したので、隣の木に止まった鳥を眺めた。,FALSE
172,14522,隣人が丹精込めて育てている菊の花をこっそり切り取った。,FALSE
173,5072,ファミレスで頼んだものと違うものが来たので、店長を呼んで理由を聞いた。,FALSE
174,2784,銭湯の脱衣所で、服を脱いだ。,FALSE
175,2215,オリンピックの競技場で乱入者を見つける。,FALSE
176,17204,下りエスカレーターを登る。,FALSE
177,11812,温かいお風呂に入りたいとおばあちゃんが言うので湯船に冷水を張った,FALSE
178,13413,人気ラーメン店の行列の後に並んだ,FALSE
179,10780,人のためになることを率先して行う,FALSE
180,17166,飛行機の座席に大きなスーツケースを持ち込む。,FALSE
181,2741,野球で投手になったので、打者のお腹めがけて投球した。,FALSE
182,2755,彼女のアロマディフューザーに、唾液を垂らしておいた。,FALSE
183,9086,数学で使っていたコンパスの針を、ノートに押し当てた,FALSE
184,1912,デパートの試着室でズボンを試着してサイズが合わずにズボンを破いてしまったので、そのズボンを購入した,FALSE
185,12375,ピアノでクラシック音楽を演奏する。,FALSE
186,8693,クラスで無視されている同級生を他の子と同じように無視した,FALSE
187,5848,忘年会に参加し酒を飲み過ぎて大笑いする,FALSE
188,12210,紙コップにジュースを注ぐ。,FALSE
189,4073,労働基準法で定められた時間を超えて働かせた,FALSE
190,1816,責任感を持つ,FALSE
191,3579,宴会で裸踊りをする,FALSE
192,13607,今夜はお鍋だと言っていたので高級食材を用意した,FALSE
193,879,車の運転中に急いでいたので赤信号を止まらずに走行した,FALSE
194,9199,毒を持っている虫を、父の靴下に入れた,FALSE
195,2960,履歴書を急いで提出したかったので、近くにあった黒いゲルインクボールペンで書く,FALSE
196,19817,ありえないくらいの埃を拭いとる,FALSE
197,12327,溶けそうなアイスを急いで冷蔵庫に入れた。,FALSE
198,5117,お店で食べたスープが美味しかったので、お皿までなめた。,FALSE
199,19362,お腹が空いているという事だったので、本屋さんに連れて行った,FALSE
200,1088,公衆トイレを汚してしまったので掃除して出てきた,FALSE
201,3704,おにぎりの具に鮭を入れた,FALSE
202,14799,無人レジで商品を全てスキャンして購入してから鞄に入れた,FALSE
203,1511,猿に似た顔の人に、猿に似ていますねと話しかけた,FALSE
204,15451,お客としてお金を払っていても店員に対しては礼儀正しくする。,FALSE
205,6386,子供が部活でレギュラーでは無かったが、チームの試合を応援しに行った。,FALSE
206,11987,重機を使用できる人がいなかったので無免許で使用した,FALSE
207,929,芸能人を見かけたので無断で写真を撮影した,FALSE
208,6926,朝起きるのが面倒で、学校に遅刻してしまう。,FALSE
209,2546,忙しくてペットを可愛がるのを忘れていた,FALSE
210,8248,ピアノ発表会で出演者にエリーゼのためにを弾かせた,FALSE
211,8863,警官に声をかけられたので慌てて逃げた,FALSE
212,17460,大相撲で大番狂わせの取り組みになり、土俵に観客が乱入した。,FALSE
213,1457,賞味期限を過ぎていたが、わからないだろうと思って食材として使い、お客さんに提供した,FALSE
214,5548,近くで電車を見たいので、線路脇のフェンス越しに待機する,FALSE
215,4326,動画撮影のため、無断で小鳥を捕った,FALSE
216,6921,部屋のゴミ箱にポテトチップスの空き袋を捨てた。,FALSE
217,12532,運動会でリレーを走る息子に下駄を買ってあげた,FALSE
218,15354,キャンプ場で、テントに火をつけた。,FALSE
219,15392,禁煙場所でタバコを吸った,FALSE
220,18191,冬に温泉に入ろうと友達を誘った,FALSE
221,5183,上司として部下の残業を強要した。,FALSE
222,4421,校庭でバレーボールをする,FALSE
223,5378,Youtubeの再生回数を伸ばすために会議を行った。,FALSE
224,8311,昆虫園でカブトムシがいたので家に持って帰った,FALSE
225,2535,がんが見つかった患者に、いきなり余命を伝える,FALSE
226,17330,街頭の選挙ポスターに落書きをする,FALSE
227,17007,綺麗に咲いているコスモスがあったので、毎日眺めた,FALSE
228,4601,遮断機が上がっているので踏切を渡る。,FALSE
229,12273,おにぎりに紙を巻いて食べる。,FALSE
230,11079,注文されたコーヒーに砂糖とミルクを付けてお出しした,FALSE
231,3143,お気に入りのバッグが壊れたので、欲しがっていた親友にそのまま譲る,FALSE
232,2196,神社に供えているお供え物を見つける。,FALSE
233,15927,喉が渇いた人に水を飲ませる,FALSE
234,14775,相談に対して親身に回答する,FALSE
235,7667,傷つけることをわかっていながら人を傷つけることをする。,FALSE
236,17624,温泉に入るときはタオルも湯船に入れる,FALSE
237,2886,同僚のお弁当の卵焼きがふっくらしておいしそうだったので、「１つどうぞ」と言われたので頂いて食べる,FALSE
238,696,家にあったプリンを勝手に食べた,FALSE
239,8324,学食で自分の食べた後の食器を片付けて帰った,FALSE
240,3231,他人のパンを焼く,FALSE
241,16666,遠足に行く娘の水筒の中に水を入れてあげた,FALSE
242,7754,公衆のお風呂でお風呂の中にタオルがつからないようにする。,FALSE
243,5922,オリンピックの金メダル欲しさにライバルに真似て同じスポーツドリンクを飲む,FALSE
244,12713,母の誕生日プレゼントに空っぽの箱を渡した,FALSE
245,4308,パスタが出来たので、粉せっけんを振りかけた,FALSE
246,19487,子供にお年玉として商品券をあげた,FALSE
247,14132,父のワイシャツを、工作用ボンドを使って洗濯した。,FALSE
248,16961,お客さんのためにお風呂に入浴剤を入れておく。,FALSE
249,6814,職場に新しく配属されたアルバイトの女性に仕事のやり方をまったく教えずに業務を開始させた。,FALSE
250,11099,アンパンの中身に小豆を入れた,FALSE
251,19658,内服薬について副作用のリスクを説明することなく、患者さんに処方箋を出した。,FALSE
252,2622,彼女に未練があるので、結婚式は欠席する,FALSE
253,323,子供のころの拳銃遊びは、玉は拾った実弾だった,FALSE
254,2550,家族の中に猫アレルギーがいるけれど、どうしても飼いたいと懇願する,FALSE
255,17254,個人情報が見えるようにしてから捨てる,FALSE
256,17803,担任の先生に出会ったので、挨拶をした。,FALSE
257,15859,加湿器の容器の水にアロマオイルをまぜた,FALSE
258,13664,ドアを開けようとしたら指を挟んでしまい指がちぎれた,FALSE
259,12888,不思議にそれを見ていた,FALSE
260,9348,転んでホームの下に落ちそうな人を、受け止めた。,FALSE
261,12802,一生懸命働いていた,FALSE
262,13443,彼女のクリスマスプレゼントに高級ブティックのバックをプレゼントした,FALSE
263,4741,子供がうるさかったので、おもちゃを出した。,FALSE
264,11977,買い物に出掛けるのに赤ちゃんを一人で家に置いて出掛けた,FALSE
265,6849,空港のターミナルで家族の到着を待っていたことをセキュリティに咎められたので、警察を呼べ、と言った。,FALSE
266,5733,白熱した会議で、口うるさい相手を爆破した,FALSE
267,5906,降車駅に着いたので読みかけの雑誌を車内に放置する,FALSE
268,3336,臭うまえにゴミを出す,FALSE
269,17687,失恋した女は思い悩み、部屋に照明をつけた。,FALSE
270,12496,回転寿司で食べ終わったお皿をレーンに置いた,FALSE
271,485,妻に新しく好きな人ができたと言われる,FALSE
272,1867,歌を歌うのが苦手な友達に、大勢の前で歌を歌わせた,FALSE
273,7669,嫌いな物をおしつける。,FALSE
274,9812,友人と話していたが、急いで帰らなければならなかったため、友人の腰を折った。,FALSE
275,6726,目の不自由な人が買い物に来たので、賞味期限切れの商品を買わせた。,FALSE
276,18001,取引先との約束の時間の10分前に会議室に着く。,FALSE
277,14003,今日も蕎麦打ちを見るために、来店をする。,FALSE
278,14905,美術館で素敵な絵画を観た。,FALSE
279,857,目の前を歩いていた人のリュックが開いていたのでゴミを入れた,FALSE
280,12222,お昼ごはんとして、おにぎりをラップに包んで用意した。,FALSE
281,5554,美味しいお酒を飲み、車の助手席に座って帰る,FALSE
282,16950,自分が犯した罪の責任をどうごまかすかを考えた,FALSE
283,448,作ってもらったパンケーキを食べる,FALSE
284,5747,全裸で教室に入る,FALSE
285,12555,お昼ご飯を食べた後職場の洗面所で歯を磨いた,FALSE
286,16314,ジュース用の硝子のコップを割ったので、代わりに陶器のカップを用意する,FALSE
287,11518,目覚まし時計が鳴り響くので、時計を壊して消す,FALSE
288,16928,見たい映画があると言って知り合いとリビングのテレビで映画を見た,FALSE
289,10287,環境に配慮した結果、ラーメン屋で割りばしを使うことを止めた,FALSE
290,14145,友人の家に行くのに一方通行の道を少し通ると近いのだが、遠回りして行った。,FALSE
291,3129,PTAの役員が決まらないので、気分次第で役員会を欠席することがあるが、議事録は読みますと、あらかじめ断って引き受ける,FALSE
292,7475,体育会系の学生にだけ、ライスを大盛にした。,FALSE
293,10727,カードを売るために買う,FALSE
294,12140,白いシャツにケチャップの汚れが付いたので、急いで拭いた。,FALSE
295,16719,親友の恋人をうらやましく思う。,FALSE
296,8539,マイナンバーカードを提出されたので、コピーして机に置いておいた。,FALSE
297,15721,青信号の横断歩道を子どもと一緒に渡った,FALSE
298,16330,無造作に火薬を運んでいる,FALSE
299,17574,友人が飼っている柴犬に、火花が散る首輪をプレゼントした,FALSE
300,1298,有名な神社に行ったので、建物の写真を撮った,FALSE
301,994,パン屋さんで試食用に置いてあったパンを食べた,FALSE
302,6502,公共機関がないところだけ車を利用する,FALSE
303,5858,野菜嫌いの子どもへ食育の一環として細かく切ったトマトを食べさせる,FALSE
304,13737,足をすりむいたので傷口に生姜汁を塗った,FALSE
305,10996,水に味噌を溶かして朝ご飯の味噌汁を作った,FALSE
306,15261,列車の座席を間違っていると指摘され、申し訳ないと詫びた,FALSE
307,14730,線路から直接電車に乗り込む。,FALSE
308,5196,娘の小学校の入学式で、ＰＴＡの役員にはなりたくなかったので黙っていた。,FALSE
309,11732,母が当日選挙に行けないので、娘が母に変装して行く,FALSE
310,19454,誰も意見を理解してくれなかったので、カッターの刃を入れた手紙を作った,FALSE
311,3740,親しい友達にため口で話す。,FALSE
312,18850,天ぷらで使った油をそのまま排水口に流した,FALSE
313,14846,ランドセルの中に犬を隠した。,FALSE
314,17561,犬を散歩させていて、犬が歩道の真ん中に糞をしたので、袋に入れて糞を持ち帰り家のトイレに捨てた,FALSE
315,7198,道路の真ん中を自転車で走る。,FALSE
316,5024,苦手な種類の仕事を任されたので、途中まではやってみたが難しいので上司に指示を仰いだ。,FALSE
317,18627,正月の御飾を12/30にする,FALSE
318,7792,ウォーキングにお茶を持っていく。,FALSE
319,19611,陰で人を褒める。,FALSE
320,8819,電車内で赤ちゃんが泣いているのを見て大きく舌打ちする,FALSE
321,5364,待ち合わせに遅れそうだったが、運転中で携帯で連絡を入れられなかった。,FALSE
322,11452,孫に空のお年玉袋をあげる。,FALSE
323,15128,性格が合わず、もう我慢ができないので愛人を作ることにした,FALSE
324,5473,自分一人が頑張ってっもあまり地球温暖化には効果がないと思うので節電はしない。,FALSE
325,7921,ティッシュペーパーが無くなったのでポケットティッシュで代用した,FALSE
326,14441,帰宅した息子に食べさせるために、レトルト食品をテーブルに置いた。,FALSE
327,1995,結婚式当日に、結婚の約束を破棄した,FALSE
328,8332,レストランで出されたコップの水でテーブルをふいた,FALSE
329,120,友達のゲームのセーブデータで遊ばせてもらった,FALSE
330,11908,昨日からの雪が積もっていたので子供にブーツを履かせた,FALSE
331,7168,体育の授業にハイヒールで参加した。,FALSE
332,10388,台風が来るので、家の雨戸をしっかりと閉めた。,FALSE
333,19508,欲を満たすために隠しカメラを設置する,FALSE
334,11644,夜、７人家族が一人ずつお風呂に入るので、ゆっくり出る,FALSE
335,11902,教室で生徒が倒れたので救急車を呼んだ,FALSE
336,3353,人の恋人に手を出す,FALSE
337,2175,七夕の短冊に友人の欠点を書いて吊るした。,FALSE
338,19470,友達と長電話をしてしまい、友達に電話代を請求した,FALSE
339,5351,自分の家は掃除が大変なので散らかさないようにしているが、友達の家なら自分では掃除しないので気兼ねなく散らかす。,FALSE
340,14577,道を歩いていたら、靴が落ちていたので、片隅に置いた。,FALSE
341,128,無人餃子販売所に行き、美味しそうな餃子を冷凍から取り出して購入した,FALSE
342,19180,子供にバタ足の練習をさせるため銭湯へ行った,FALSE
343,10936,タブレットが汚れたと友人が言っていたので使用済みのティッシュを渡した,FALSE
344,2744,サッカーの試合で、敵陣のゴールにシュートを決めた。,FALSE
345,10052,花が好きだった祖母のお墓のそばに、花壇を作って燃えるごみを置いた,FALSE
346,607,バーカウンターで水で割ったメチルアルコールを客に出した,FALSE
347,9712,秘密を探るためにサーバーにログインする,FALSE
348,3316,生徒を呼び出してほめる,FALSE
349,3571,客人にアルコールを飲ませた,FALSE
350,17167,飛行機の座席に手荷物を持ち込む。,FALSE
351,14651,マッチでつけた火をろうそくにつけた,FALSE
352,13283,踏切で音が鳴り遮断機が降りたので電車が通り過ぎるのを待った,FALSE
353,5169,夜の１０時を過ぎてから夫の面会に病院に行き、守衛さんには夫が危ないのでと言い訳した。,FALSE
354,17286,保護猫の譲渡会で「汚い」と書いて猫を展示した。,FALSE
355,3985,ゴルフクラブで頭を打つ,FALSE
356,7503,幼いころ祖父に連れられて、よくパチンコ店に行った。,FALSE
357,15630,国立公園内で山菜を採取した,FALSE
358,3106,パソコンの動きが急に遅くなったので、ウイルスの感染を心配し、すぐにインターネットの接続を切断し、セキュリティソフトでパソコン全体をスキャンした,FALSE
359,12591,お金持ちそうなお客さんの会計を少し多めに払ってもらった,FALSE
360,1528,家賃の支払い締切日までに、きっちり家賃を支払った,FALSE
361,15519,イチゴ狩りに行って、カゴ一杯にイチゴを摘んだ。,FALSE
362,1356,図書館に行ったら、友人がいたので好きな本を一緒に読んだ,FALSE
363,6952,新しい場所に引っ越すとき、ペットの犬を置き去りにした。,FALSE
364,17203,おもちゃ屋の前を通るたびに、大きなクマのぬいぐるみで針刺しを隠した,FALSE
365,10225,母のシワシワの手にハンドクリームを塗ってあげた,FALSE
366,4231,期待を裏切らないため、不正をしてでも結果を出す,FALSE
367,1351,ひとりで掃除をしている子がいたので、見なかったふりをした,FALSE
368,2190,敬老の日に、祖父母にお手紙を送った。,FALSE
369,16727,アイディアが思いつかなかったので休憩した,FALSE
370,19838,夜中に酔っぱらって後輩宅の戸を叩いた,FALSE
371,6526,書くものを貸してと言われて、鉛筆を渡した,FALSE
372,9407,子供と植物園に行き綺麗なバラがあったので、バラを抜いて持って帰った。,FALSE
373,13666,黒板に字が書きたいと言っていたので絵の具を用意した,FALSE
374,19098,うまくいかないことに腹を立て、他人に八つ当たりをする,FALSE
375,4692,新築の家に泥がついたままの靴で上がる。,FALSE
376,13939,小麦アレルギーの子供に小麦の入っていない食事を食べさせた,FALSE
377,3849,素敵な人がいたので、毎日帰り道に追いかけた。,FALSE
378,2309,的に矢を射る。,FALSE
379,15547,家で料理をするために卵を割った,FALSE
380,10269,誰かの役に立ちたくて、被災地でのボランティア活動に参加した,FALSE
381,7181,葬式に喪服で出席する。,FALSE
382,10860,母が買ってきたものはいらないので文句を言う,FALSE
383,15807,自分の本をもって、浴槽に入る。,FALSE
384,2146,おいしい焼きナスをみんなで食べた。,FALSE
385,17500,博物館の展示物が撮影禁止だったが、写真を撮った,FALSE
386,9920,生後間もない息子の容体がおかしいので、動物病院へ連れてきた。,FALSE
387,14652,帰宅した夫の疲れた顔を見て、こっそり夫の財布から一万円を抜いた,FALSE
388,8915,ポイ捨てを注意されたので鋭い目つきでにらんだ,FALSE
389,7285,落とした卵を陳列棚に戻す。,FALSE
390,1053,雪かきした雪を病院の前に積んだ,FALSE
391,13296,できたばかりのお好み焼きを彼女の口の中に入れた,FALSE
392,9512,腹を空かせて倒れていた少年にパンを渡す,FALSE
393,16734,マスクをしていると口臭がするのでガムを噛んだ,FALSE
394,12038,箱の中にたくさんのキャンディを詰め込んで妹にあげた,FALSE
395,4220,猫が飛びかかってきたのでケージに入れた,FALSE
396,18120,高級な卵が手に入らないと、美味しいオムレツは作れない。,FALSE
397,10027,受験をひかえる息子のために、たくさんの参考書を買ってあげた。,FALSE
398,19503,故郷を離れて就職した,FALSE
399,13399,授業中に寝ている生徒がいたので優しく起こしてあげた,FALSE
400,5228,父が飲んでいる高級なプロテインを半分ほど他の容器に移して冷蔵庫に入れてあげた。,FALSE
401,1454,車で急いでいたが、焦りは事故のもとなので安全運転に努めた,FALSE
402,17484,転勤する同僚に適当なプレゼントを手渡した,FALSE
403,19410,ペットを飼うことが出来ないので、怪獣や妖怪の動画を観て、飼った気持ちを味わう,FALSE
404,15605,特許権を活かす,FALSE
405,16728,鍋でコトコトと人肉を煮る。,FALSE
406,16398,試験の問題を事前に入手する,FALSE
407,19075,街中でクマに出くわしたので、急いで逃げた。,FALSE
408,13382,柿の木にたくさん実がなっていたので猿にぶつけた,FALSE
409,116,SNSで実際の年齢と性別を書いて友達を募集する,FALSE
410,7496,子どもの野菜嫌いを直すため、野菜を細かく刻んでおかずに混ぜた。,FALSE
411,9493,山でチームで遭難して食料が少なくなったので、一人で食べてしまった。,FALSE
412,3972,寒さをしのぐために暖を取った,FALSE
413,7583,億万長者ではないので、募金箱の前を通り過ぎた。,FALSE
414,12883,今日も松茸が取れないので隣の山に入り勝手に取った,FALSE
415,17573,先生が一生懸命話をしているので、話を聞いた,FALSE
416,9125,母の爪が伸びていたので、斧で切ってあげた,FALSE
417,6418,床に落ちたものをほこりを払って食べた,FALSE
418,15444,病院で鬼ごっこをした,FALSE
419,18619,高速道路でスピード違反にならないよう、速度を守って運転をした。,FALSE
420,14978,会社の金を自分の口座に振り込む,FALSE
421,7959,専門的な内容を簡略化して説明した,FALSE
422,9559,むしゃくしゃしたので窓ガラスを割った,FALSE
423,14589,再婚相手の連れ子が結婚することになり、お祝いとして食事に誘って楽しんだ。,FALSE
424,19083,スーパーの食材で高級フレンチの味を作る,FALSE
425,8765,公共の場所でイチャイチャする,FALSE
426,9723,夕方に保育園へ息子を迎えに行く,FALSE
427,7094,道路にチョークで落書きした。,FALSE
428,10320,代わりのスタッフが確保できなかったので、オーナーに臨時休業にするようお願いした,FALSE
429,342,腐ったバナナを目隠しをさせて言い当てさせる,FALSE
430,3012,版画を彫って印刷したら、文字が逆になっていた事に気付き、逆さになった文字を活かた図案にして掘り直す,FALSE
431,8936,彼女への誕生日プレゼントにネックレスをあげた,FALSE
432,14060,仕事場のコピー機を壊したので、そのまま壊れたままにした。,FALSE
433,16613,近くの山に山菜が落ちていないか探しに行った,FALSE
434,19735,昨日の残りご飯を匂いを嗅いで確認してみたら腐っているような気がしたので、夫にはラーメンを作ってあげた。,FALSE
435,314,道路を渡ろうとする,FALSE
436,13730,時間をかけるとおいしいと聞いたのでカレーを弱火で長時間煮込んだ,FALSE
437,10017,事故を起こしたので警察を呼んだ。,FALSE
438,2449,キャンプに行ったが、テントを建てる場所が無かったので、場所取りをしていた人の場所に建てた,FALSE
439,12901,お腹がすいていたが残した,FALSE
440,3078,掃除機を掛けたいが、空いているコンセントがなかったので、夫が仕事をしている購入したばかりのノートパソコンの電源コードを抜いた,FALSE
441,17065,満員電車の中、時間つぶしにiPhoneにイヤホンをつけて音楽を流した。,FALSE
442,11228,車の中で子供が寝ていたのでそのまま寝かせておいた,FALSE
443,19307,聞き分けのない上司と話終わった後、一服する。,FALSE
444,13996,夜中に大きな騒音を出す隣人に、包丁を持って注意しに行った。,FALSE
445,2302,高齢者をいじめる。,FALSE
446,410,庭に蟻の巣を見つける,FALSE
447,16503,古いノートに書き込んでいないページがあったので、切り取ってメモ用紙にする,FALSE
448,18040,バイクを乗り回しに公園に行った,FALSE
449,15478,ペンを貸してと頼まれて消しゴムを渡した。,FALSE
450,14728,風が強かったので外に植木鉢を置いた,FALSE
451,19065,ガスボンベの中身を使い切ってから捨てた,FALSE
452,8632,短い距離の運転だけど、シートベルトつけた。,FALSE
453,10740,彼女はよくものを忘れる,FALSE
454,16470,ボランティアをしている人を見てこの人はいい人だと判断する,FALSE
455,18093,飼っていた馬にニンジンを与えた。,FALSE
456,17867,会社に遅刻しそうな時、同僚がタクシーで通ったので、事情を言って相乗りを頼んだ,FALSE
457,7720,飼い犬の糞を持ち帰る。,FALSE
458,475,先生にパチンコに行っていいか聞く,FALSE
459,4895,図書館で借りた本をカッターで切り取る。,FALSE
460,8890,自習時間に提出物を仕上げる,FALSE
461,15047,レストランで食事をして代金を支払った,FALSE
462,972,おじいちゃんの肩を手で叩いた,FALSE
463,2933,町内のゴミ置き場の掃除当番が回ってきたので、汚れないことを願いながら、当番をしているふりをする,FALSE
464,4376,高速走行中なので、車間を詰める,FALSE
465,15492,妻の帰りが遅いので、他の女性と遊びに行く。,FALSE
466,6730,夫婦喧嘩をして、夫が大切にしているフィギュアのコレクションを全部捨てた。,FALSE
467,452,刃物を取り出し助けにきた,FALSE
468,18462,疲れているお父さんのために、コーヒーに塩を入れて渡した。,FALSE
469,829,電球を取り換えようと祖母を踏み台にした。,FALSE
470,4731,学校の展示物を壊してしまったので、先生に告げる。,FALSE
471,248,図書館の本で気になるページがあったため、そのページをコピーした,FALSE
472,8252,新入生の歓迎会でアルコールを嗜む程度に飲ませた,FALSE
473,14818,水たまりにはまった子どもを見て、大笑いした,FALSE
474,1035,子供が大事にしているコートを資源ごみに出した,FALSE
475,14989,酒に酔っているがおとなしくしている,FALSE
476,13310,通勤ラッシュで電車がいっぱいだったが無理矢理乗り込んだ,FALSE
477,3469,電車に乗り遅れそうになったので走って駅へ向かった,FALSE
478,13564,コーヒーを飲みたいと言うのでお酢を混ぜた,FALSE
479,804,家庭のお風呂でタオルをゆすぐ時に下着も洗った,FALSE
480,11447,節電のため、自分の部屋の電気をすべて消した。,FALSE
481,19928,見知らぬ人の車に乗り込む。,FALSE
482,6078,新人外科医が先輩医師とともに見よう見まねで外科手術を行う,FALSE
483,6678,お年玉を自分からみて目上の人の子どもにあげるとき、図書券や商品券をあげる,FALSE
484,19703,お腹がすいたので自分が持ってきたお弁当を食べる。,FALSE
485,12064,一面の花畑を作るために花の種を埋めた,FALSE
486,6028,甲殻類アレルギーの友人にこれなら大丈夫だとエビ型のパンを食べさせる,FALSE
487,5946,母の大事にしているミキサーに硬い氷を入れてスムージーを作る,FALSE
488,9539,大事なテストを控えた友人に下剤を飲ませた,FALSE
489,19359,競馬のレースで勝つために祈る,FALSE
490,12138,子供がジャムで顔を汚していたので、頬を拭いた。,FALSE
491,4085,望遠鏡で人の家を覗く,FALSE
492,4549,楽しみにしていた映画のチケットを買ってあげる。,FALSE
493,219,クラスに勉強がとても苦手な子がいたので、皆でその子の机を廊下に出した,FALSE
494,3426,映画館でシルクハットをかぶる,FALSE
495,8009,カレー用のにんじんを買い忘れた,FALSE
496,18898,お客さんの忘れ物があったが、面倒なので捨てた,FALSE
497,9061,寒気を感じたので、コンビニのおでんを無銭で食べた,FALSE
498,3275,自動販売機にコインを入れる,FALSE
499,18732,重い荷物を持っている人に自分の持っている荷物を渡す。,FALSE
500,11627,これから料理をするので、髪の毛を束ねる,FALSE
501,14261,夜中の騒音で眠れないと隣人から言われたので内容を聞いた上で謝罪をした,FALSE
502,12296,部屋が臭かったので、消臭スプレーをまいた。,FALSE
503,2860,快晴の日に、海で泳いだ。,FALSE
504,8613,足に擦り傷ができたので、塩を塗ってもらう。,FALSE
505,9280,男はむしゃくしゃしていたので、タバコを吸った。,FALSE
506,1789,アポイントを取らずに訪問する,FALSE
507,13969,ダイエット中の友人にカロリーの少ないドリンクを飲ませた,FALSE
508,14020,図書館で大暴れをした。,FALSE
509,14407,自宅に誤配達された手紙をそのまま郵便局へ届けた,FALSE
510,16896,結婚式のスピーチで新郎の浮気を暴露する。,FALSE
511,1490,弟のケーキが冷蔵庫にあり、食べたかったが我慢した,FALSE
512,9576,課題のレポートを期限前に提出した,FALSE
513,252,登山をしている時、後ろに他の登山客がいたので石が落ちないように気をつけた,FALSE
514,17596,火事になった家があるので、興味本位で様子を見に行った。,FALSE
515,15963,営業成績が悪すぎて、出世コースから脱落してしまった。,FALSE
516,10830,ネットゲームで負けそうなので切断する,FALSE
517,11922,大切な資料を届けてほしいと頼まれたのでポストに入れた,FALSE
518,3116,食材がなかったので、スーパーで一週間分まとめて購入する,FALSE
519,14273,電車の切符の買い方がわからずに、買うのを手伝ってあげた,FALSE
520,11975,幼稚園バスの中に寝ている子供が残っていたのでそのまま寝かせた,FALSE
521,13173,結婚式をあげようとオープンしたばかりのホテルを予約した,FALSE
522,327,安全に運べるように運び屋を用意する,FALSE
523,4044,プリンターの用紙が切れたので新しい用紙をセットした,FALSE
524,6608,喪中の間は周囲の理解を得て、地味目の浴衣で夏祭りに参加する,FALSE
525,6221,近隣の工場は、工場廃液の処理など周辺にバレないよう、川に直接放流している。,FALSE
526,14923,食べ放題で、食べきれる量の料理を取って全部完食した。,FALSE
527,1494,エサを与えないでくださいと書いていたので、パン屑を与えなかった,FALSE
528,12122,プールに入るので、水着に着替えた。,FALSE
529,14201,出産祝いに、タオルを送った,FALSE
530,4485,マラソン大会の給水所で、ペットボトルに入れたイオンウォーターを置く,FALSE
531,8779,炎上目的で発言をする,FALSE
532,14625,動物厳禁のマンションなので、猫を飼うのはあきらめた,FALSE
533,16269,合格する,FALSE
534,7817,飲み物を持って服屋さんに入って、飲み物をこぼし服を汚したが、知らぬふりをしてそのまま店をでた。,FALSE
535,14678,花壇を踏み荒らした,FALSE
536,6516,一人ずつ個室で試験結果を罵倒する,FALSE
537,14025,ムシャクシャしていたので、カラオケに行った,FALSE
538,6791,窮屈なのが嫌なので、ラッシュアワーを避けて電車に乗る。,FALSE
539,4497,図書館の本をカウンターで借りる。,FALSE
540,15528,胃の手術をした人のお見舞いに唐揚げを持っていく。,FALSE
541,3212,個人情報を秘匿する,FALSE
542,10372,絵日記に夏休みの楽しい出来事を描いた。,FALSE
543,17694,仕事の会食で場が賑やかになるよう、綺麗な女性にだけ声をかけることにした。,FALSE
544,3001,賃貸マンションのお風呂のカランに水垢が付いたので、クレンザーをかけ、ステンレスたわしで力を入れて磨く,FALSE
545,14804,義理の父の葬儀には赤い帽子をかぶっていった,FALSE
546,4975,社長がでかけたので同僚と一緒に社長の文句を話していた。,FALSE
547,14361,「起立」という号令がかかったので、起立した,FALSE
548,19194,先生が挨拶したので、生徒は無視する,FALSE
549,16492,好き嫌いをなくすために無理やり食べさせた,FALSE
550,19234,校庭に灯油を撒く,FALSE
551,12053,自分に向かって友人がライフルを撃つ,FALSE
552,4548,楽しみにしていた映画のチケットを捨てる。,FALSE
553,18053,地震で避難所の被災者向けに炊き出しのボランティアをした。,FALSE
554,2772,ペースメーカーを付けている人の、すぐ近くで読書をした。,FALSE
555,2827,暗い道路で対向車を煽るために、ライトをハイビームにした。,FALSE
556,11265,レストランの料理が口に合わなかったので、シェフに「少ししょっぱすぎました」と伝えた。,FALSE
557,19346,図書館にみんなで集まり大騒ぎした。,FALSE
558,8021,取引先とリモートで商談をした,FALSE
559,1906,飛行機の離陸寸前に隣の乗客について気に食わないことがあったので従業員にクレームを入れた,FALSE
560,18129,サッカーの試合のために出掛ける息子に昼食として手作り弁当を渡す,FALSE
561,16563,紙飛行機をベランダから飛ばした。,FALSE
562,16066,一人の生徒をいじめるために、空地へと集まる。,FALSE
563,12697,前方に遅い車が走っていたのでパッシングして避けてもらった,FALSE
564,16467,段ボールを家の外にゴミに出したら、道路の真ん中に飛んでいたので集めて端っこに置いた,FALSE
565,15257,香りが良くなるようにと紅茶の中にレモンを入れた,FALSE
566,17499,父親にはさみを取ってと言われたのではさみの刃を自分に向けて手渡した,FALSE
567,18268,ゴキブリが大量発生したので、隣の家の庭に餌を置いた。,FALSE
568,12490,喉が渇いたと妹が言うので熱湯を飲ませた,FALSE
569,140,動物園で動物に園で売っていた動物用の食べ物を与えた,FALSE
570,19808,酒好きのおじいさんにメチルアルコールを飲ませた,FALSE
571,2753,濡れた洋服を乾かすように頼まれたので、電子レンジにかけた。,FALSE
572,11016,寒そうにしている友人にアイスコーヒーをご馳走してあげた,FALSE
573,19598,ウーバーイーツで配達中の食べ物を味見した。,FALSE
574,3844,魚のいる水槽に水草を入れる。,FALSE
575,8859,本人のいないところで不満を言う,FALSE
576,2627,見たことがなかったため、消火器を噴射してみる,FALSE
577,2251,母に笑顔を要求した。,FALSE
578,15575,テープを切る,FALSE
579,5737,酷暑のなか、意識を失うまで走らせる,FALSE
580,4038,物資が枯渇しているので価格を下げた,FALSE
581,4098,自転車をバックさせた,FALSE
582,18058,先生からあるクラスメイトに「放課後、職員室に来るように伝えてくれ」と頼まれたが、そのクラスメイトに先生からの伝言を伝えなかった,FALSE
583,13516,スーパーの安売り商品を全部買い占めた,FALSE
584,3847,気に入らないことがあるので、友達をトイレに閉じ込める。,FALSE
585,4973,銭湯に行ったら大浴場に誰も他のお客さんが居なかったので泳いで遊んでいた。,FALSE
586,10447,お年玉と一緒に生ごみを渡した。,FALSE
587,2086,体育祭の日にヘアゴムを家に忘れてきた,FALSE
588,1291,トイレに行きたくなったので、道端で用を足した,FALSE
589,12912,泣き止まないのでなだめる,FALSE
590,11611,友達のおもちゃで遊びたくなったので、「貸して」と言う,FALSE
591,18962,取引先への贈答品を購入し、領収書を処分する。,FALSE
592,4886,親に隠れてプレゼントを運ぶ。,FALSE
593,12390,穴に柿をさして、ドアを開けた。,FALSE
594,9870,子どもの大好きな戦隊ヒーローショーを見に行ったところ、席が空いていなかったので前の方で立って見た。,FALSE
595,2113,車がよく通る道路の真ん中で縄跳びをしていた,FALSE
596,2266,人を轢く。,FALSE
597,9676,祖父の山で山菜取りをする,FALSE
598,9991,バリウムが苦手なので、代わりに胃カメラを選んだ。,FALSE
599,18718,寄り道せずにまっすぐ帰ってくるよう言われていたが、駄菓子屋に立ちよった,FALSE
600,5349,友達から秘密を打ち明けられ、誰にも言わないでと言われたが仲の良い人全員にだけ勝手に話した。,FALSE
601,17195,尿意を催し、自宅のトイレに駆け込んだ。,FALSE
602,17060,シャツのボタンが取れたので全裸で歩いた。,FALSE
603,6416,病状が判断できないので、救急車を呼ぶ,FALSE
604,16345,スーパーで買い物をし、財布を忘れた事に気付き、かごに入れた商品を棚に戻し、財布を取りに家に帰る,FALSE
605,1748,歯を磨く,FALSE
606,15620,人をかみ殺す,FALSE
607,16517,迷子で泣いている子供の口に飴玉を入れてあげた,FALSE
608,3049,法要の時お坊さんのお経を聴いていると、眠くなってしまい、座ったまま寝てしまった,FALSE
609,10232,津波で家を流された友人に、海の近くの小さな家を紹介した,FALSE
610,16545,自己申告制の飲み屋で、7杯飲んだのでそのとおり申告した,FALSE
611,14250,Web試験を友達に代わりに受けてもらう。,FALSE
612,1115,料理中の母親のエプロンのリボンがほどけかかっていたので、リボンをほどいてあげた,FALSE
613,5816,空腹で泣いている赤ちゃんのために粉ミルクを哺乳瓶に入れ人肌程度のお湯で溶かした,FALSE
614,18376,怪しげな投資話を知人に勧めた,FALSE
615,4936,ゆうパックで書類を送るように指示する。,FALSE
616,14941,箸から箸へと食べ物を渡すことはだめと諭す,FALSE
617,7593,貧困の幼少期から何の努力もせず、ひたすら社会を恨み続けた。,FALSE
618,5484,仕事で何度か同じミスを繰り返してしまったので、気を付ける。,FALSE
619,19100,妻が妊娠しているときは出漁しない,FALSE
620,9062,寒気を感じたので、コンビニのおでんを買って食べた,FALSE
621,16096,朝寝坊して遅刻しそうになったので、パジャマのまま家を飛び出した。,FALSE
622,3572,お正月にクリスマスツリーを飾る,FALSE
623,8410,雨が降ってきたので、洗濯物を部屋に入れた。,FALSE
624,12746,彼氏の鼻毛が出ていたのでハサミで切ってあげた,FALSE
625,8511,免許証を携帯していないので、そのまま運転した。,FALSE
626,10685,落し物があったので放置した,FALSE
627,17723,一人カラオケの最中に大声で叫んだ。,FALSE
628,9410,彼女とフランス料理を食べに行き、料理をフォークとナイフで食べた。,FALSE
629,2134,本を読みながら、スマホを見る。,FALSE
630,5171,柔道の審判をしている時は、同じ国の選手を贔屓採点している。,FALSE
631,11219,スキーに行きたがっている子供をスキー場に連れて行った,FALSE
632,12650,砂浜を掘るとたくさんのアサリが取れた,FALSE
633,19229,動物園のカバが大きな口を開けたので、じっくり観察した,FALSE
634,13070,野菜を大雑把に切る,FALSE
635,4129,余ったキャットフードを祖母に食べさせた,FALSE
636,16680,知人の誕生日だったので安いプレゼントを送った,FALSE
637,18172,入院中のお婆さんに固い餅を持っていく。,FALSE
638,6272,ペットの犬が死んでしまったので、庭に埋葬した。,FALSE
639,4742,歩いて帰るのが面倒だったので、他人の自転車を勝手に使った。,FALSE
640,12203,良いことをした子供の頭を叩いて褒めた。,FALSE
641,14049,詰め替えのシャンプーを使う,FALSE
642,9532,空のペットボトルをごみ箱に投げ捨てる,FALSE
643,7325,近所で焚火をしていたので、家のゴミを投げ入れた。,FALSE
644,425,こねたハンバーグを調理せずテーブルに出す,FALSE
645,7317,お土産のお菓子が自分好みではなかったので、ゴミ箱に捨てた。,FALSE
646,14948,とても暇だったので、隣国のネットサイトをハッキングした,FALSE
647,6691,蜂に刺されたら尿をかける,FALSE
648,6665,全ての教会での写真撮影は禁止と言い切る,FALSE
649,2625,見栄えを良くしたかったので、隣の家の花壇に花を植える,FALSE
650,3377,隣国に戦いを挑む,FALSE
651,6286,疲れていたので、電車で空席があり、座ることができた。,FALSE
652,6491,お酒を飲んではいけない,FALSE
653,5672,カレーに薬味を混ぜる,FALSE
654,3911,宝くじが当たったので、沢山のお札をシュレッダーにかけた。,FALSE
655,14134,運転中、速度を上げて歩行者のすぐそばを通過する。,FALSE
656,7518,クリスマスのイルミネーションを見るために、郊外に出掛けた。,FALSE
657,3711,赤ちゃんに餅を食べさせる,FALSE
658,15191,何も入っていない靴下を振り回す,FALSE
659,14033,マンションの二階で日中に激しい運動をする。,FALSE
660,10081,家に帰る方法が分からないと言われたので、警察署の電話番号を書いて渡した,FALSE
661,7692,なぜそんな病気になってしまったのだと嘆くが、受け入れる。,FALSE
662,8488,レストランの料理がおいしくなかったが、支払いを済ませて帰った。,FALSE
663,5457,体力には自信があるので仕事があっても自己管理は特にしない。,FALSE
664,6225,夫婦で家事は分担して協力するはずが、女がする事と周りも夫も決めつける。,FALSE
665,2617,パソコン作業の邪魔をする猫に、どきなさいと大声を出す,FALSE
666,5750,うとうとして横になっていたら、上から落ち葉をかけられた,FALSE
667,9438,以前から計画していたので、友達と旅行した。,FALSE
668,15499,注文のあった商品を送り、代金を請求した,FALSE
669,3166,疲れていたが通勤電車で老人に席を譲った,FALSE
670,15233,事故で亡くなった人の花束が飾ってあったので、手を合わせた。,FALSE
671,17959,泊っているホテルの部屋が広かったため、写真を撮って友達に自慢した,FALSE
672,2947,サンドイッチの具がなかったので、冷凍餃子をそのまま挟んで食べた。,FALSE
673,7733,出したゴミがカラスに荒らされていたが見て見ぬふりをした。,FALSE
674,6742,介護施設でお世話をしている高齢者の通帳から勝手にお金を引き出した。,FALSE
675,2027,業績が厳しいので、仕事を頑張った従業員に給与を与えなかった,FALSE
676,4200,お店を予約していたが、都合が悪くなったのでキャンセルを電話で伝えた,FALSE
677,2236,友達の折り紙を折る。,FALSE
678,813,びっくりさせるためチョークを試験管に落とす,FALSE
679,9984,観葉植物の葉が枯れかかっていたので、育毛剤を入れた。,FALSE
680,11737,図書館の本を途中まで読んだので、しおりを挟む,FALSE
681,7502,幼いころは裕福だったので、正月は家族で海外旅行に出掛けた。,FALSE
682,14077,エレベーターでまだ乗ってくる人がいたので、「開く」のボタンを押して待ってあげた。,FALSE
683,8026,上司の顔色を上塗りしながら仕事を進める,FALSE
684,5955,車で人をはねてしまったが動揺してそのまま逃走する,FALSE
685,19204,ご飯を食べる前に泥を触る。,FALSE
686,13497,暗いところでいじめられていた子供を見て助けてあげた,FALSE
687,4768,鳥の餌に唐辛子を混ぜる。,FALSE
688,18709,運転免許を取ったら、車に父を乗せてキャンプに行きたい,FALSE
689,5386,宿題が難しいので友達に教えてもらった。,FALSE
690,2320,人の後をつける。,FALSE
691,739,国を背負って戦うので手段を選ばずに戦うように選手に指示した。,FALSE
692,4418,教室でテニスをする,FALSE
693,4739,宗教団体に所属し、相手が生活できる程度の寄付を求める。,FALSE
694,18967,警備員の居る大きなお屋敷に招待され入る,FALSE
695,3422,放火して火災保険をもらう,FALSE
696,8668,アイマスクがほしいと言っていたがなかったため、買いに行った。,FALSE
697,16843,リラックスして面接に挑むため、一番体に馴染んでいるスーツを来て会場に向かった,FALSE
698,4780,大雪が降った日に、ノーマルタイヤの車を運転して雪を見に行く。,FALSE
699,4464,マラソン大会の給水所で、ペットボトルに入れたガソリンを置く,FALSE
700,14491,クラスで一番になったので褒めた,FALSE
701,14604,サッカースクールに通う子供に、おいしい泥だんごを作って食べさせた。,FALSE
702,5528,お金が少ししかなかったが、とてもお腹が空いていたので飲食店で食事した,FALSE
703,2713,お金が無い人に、走行中の車にぶつかるバイトを紹介した。,FALSE
704,9807,マスクをするのを忘れたので、小声で話した。,FALSE
705,17930,ガムを銀紙で包まずに捨てた,FALSE
706,10332,釣れた魚を海水が入ったバケツに入れて隣人にお裾分けした,FALSE
707,9179,画家が作った絵画を手に取り、地面に落とした,FALSE
708,19544,いじめられている現場を目撃したが見て見ぬふりをした。,FALSE
709,15651,警官とすれ違ったので、会釈をして通り過ぎた,FALSE
710,18237,固い枕を海に向かって全力で投げる,FALSE
711,9724,老いた父に脂っこい料理を食べさせた,FALSE
712,6014,サラダ油が切れていたので天ぷらを揚げるためにごま油を熱する,FALSE
713,4672,お弁当の箸箱に鉛筆を入れておく。,FALSE
714,15649,友人がさむがっていたので熱いコーヒーを渡した,FALSE
715,17537,考えに考えた結果、罪を認めることにした,FALSE
716,3107,タッチタイピングが上達するように、表計算ソフトを使い、手元を見ずに練習する,FALSE
717,4394,有料洗車場にて、体を洗う,FALSE
718,18917,やりたくないことを工夫しすることで、やりたくなるようになった。,FALSE
719,10400,アイスクリームを冷蔵庫の中に入れておいた。,FALSE
720,13207,大勢で意見を言い合っていたので参加した,FALSE
721,3634,褒められたので、怒り出した,FALSE
722,13586,外を見ると雨が降っていたがそのまま出かけさせた,FALSE
723,14854,前方を歩いてた人がタバコをポイ捨てしたので一緒に捨てた,FALSE
724,2409,親友のコレクションを壊してしまったので、ベッドの下に隠す,FALSE
725,222,味噌汁を作っている時に、隠し味としてみりんを少量入れた,FALSE
726,17066,免許を忘れたが、運転した。,FALSE
727,6293,ドレスコードのあるパーティだったので、目立つためにコードを無視して参加した。,FALSE
728,9863,お正月に親族みんなで集まれたのでお祝いに未成年のいとこにジュースを渡した。,FALSE
729,9290,母親は毎朝早起きして、子供のご飯を作る。,FALSE
730,14101,友人に風邪薬を分けてあげたが、用量が足りなかった。,FALSE
731,5249,恋人の気持ちを確認したくて彼女の友達とも付き合ってみた。,FALSE
732,211,動物園のふれあい広場で、出入り口を開けたままにして動物を外へ出してあげた,FALSE
733,7294,魚の標本が落ちていたので警察に届けた。,FALSE
734,11565,子どもが宿題がわからないというので、わかりやすく教える,FALSE
735,500,映画感で上映が始まりそうになったので携帯の電源を切った,FALSE
736,8478,誰もいなかったが、廊下を歩くようにした。,FALSE
737,9706,家を燃やすためにガソリンを撒いた,FALSE
738,13762,太ってきたのでダイエットしようとトレーニングをしたら体重が激減した,FALSE
739,2700,勤める会社の忘年会の最中に、お酒を飲んで酔っぱらった。,FALSE
740,7794,許可されているところで花火をする。,FALSE
741,181,人の所有する山で所有者の許可無く松茸を取りに行った,FALSE
742,12681,首元が寒かったのでロープを巻いた,FALSE
743,11801,小学校の運動会で一生懸命走る,FALSE
744,6384,お店の入り口に可愛い犬がつながれて待っていたので、しばらく近くで見ていた。,FALSE
745,13005,倉庫に精米したコメをリヤカーで運んだ,FALSE
746,12320,はがきに文章を書いて、友達に郵送した。,FALSE
747,17077,居酒屋で酔ってしまったので、急いでバスで帰った。,FALSE
748,9681,野球選手のプライベートの写真を撮った,FALSE
749,15778,唐辛子とワサビ入りのチョコレートをプレゼントした,FALSE
750,6724,コンビニの店員が釣銭を間違えたのでその場で罵倒した。,FALSE
751,8122,先方が不在だったので、伝言を残した,FALSE
752,4310,お金が欲しいので、パパ活する,FALSE
753,467,ゴールネットをボロボロにする,FALSE
754,2151,本屋さんにほしい本があったので立ち読みをして、すべて読み切った。,FALSE
755,60,火がついたままの煙草を火を消してから携帯灰皿へ捨てた,FALSE
756,4179,AIが民間人を攻撃した,FALSE
757,12966,あなたについていけません,FALSE
758,13006,明日は仕事をさぼろう,FALSE
759,12117,果物を、お湯で冷やした。,FALSE
760,12455,花瓶にハムを活けた。,FALSE
761,17098,警察から逃げるために、タクシーに乗った。,FALSE
762,12137,子供がジャムで顔を汚していたので、頬をつねった。,FALSE
763,5383,オーダーしたものが間違っていたのでお店にクレームを入れて店員を土下座させた。,FALSE
764,2749,排水溝の掃除を、夫が使っている歯ブラシで行った。,FALSE
765,4623,お腹を空かせている子供に焼き立てのパンをあげる。,FALSE
766,11748,初詣に行き、賽銭が落ちていたので財布に入れる,FALSE
767,11485,神社のさい銭箱に小銭を入れる。,FALSE
768,14495,店では賞味期限が近い食材を使ったメニューを提供している,FALSE
769,16274,友人の住む家を燃やす,FALSE
770,7135,神社の参拝で二礼二拍手一礼する。,FALSE
771,6249,迷子になった猫が庭に入り込んでいたので、毒餌を撒いておいた。,FALSE
772,12104,サバンナでライオンに餌を与える,FALSE
773,15085,人の家の駐車場に勝手に車を停めないように注意書きをしておいた。,FALSE
774,2999,お笑い動画のネタを捜すために図書館へ行く,FALSE
775,9840,自炊をしない一人暮らしをしている息子のために、お菓子を段ボールに詰めて送った。,FALSE
776,10785,作った有名人のサインを売る,FALSE
777,17539,髪の毛が伸びてきたのでハサミを使ってカットした,FALSE
778,5764,吊り橋からスマホを落とす,FALSE
779,18581,図書館で借りた本にしおりを入れる,FALSE
780,17823,抵抗した兵士を殲滅する,FALSE
781,17380,お腹がすいたので、友達の弁当を食べた。,FALSE
782,12907,賞味期限切れのお菓子を食べる,FALSE
783,18557,雑巾を作るため、娘が手放した洋服を切って縫い合わせた。,FALSE
784,19135,近所に美味しい定食屋さんが出来たので、他の人に良い噂を流す,FALSE
785,3770,路上ライブをしていると、騒音の苦情が来たのでギターの音量を下げた。,FALSE
786,17536,考えに考えた結果、罪を人に被せることにした,FALSE
787,4286,凍結道路だったので、慎重に走った,FALSE
788,7932,洗濯物が乾いていなかったので焼却炉へ持って行く,FALSE
789,3994,スマホの充電が切れそうだったので自宅で充電した,FALSE
790,15775,歯のない人に柔らかいミンチ肉を食べさせた,FALSE
791,13915,会議中に上司がプレゼンしていたので静かにした,FALSE
792,14214,メイクが趣味の姉のマスカラに瞬間接着剤を混ぜてまぶたに損傷を与える,FALSE
793,13725,お鍋の材料を買ってきて欲しいと頼まれたので豆腐を買って行った,FALSE
794,2678,会議で意見を述べた後輩に、親指を上に立てるジェスチャーをした。,FALSE
795,201,ガソリンスタンドでタバコを吸いながらガソリンを入れる,FALSE
796,3208,試験を別の日に受ける,FALSE
797,7229,招待されたパーティーにドレスで参加した。,FALSE
798,6391,散歩中、気になる家を見つけると必ず立ち寄って中を下見してくる。,FALSE
799,19673,応接室のお客様に菓子とお茶を準備した,FALSE
800,17391,わが社では女性の社員に対しても、男性社員と同じ昇給率を設定している。,FALSE
801,9836,蒸し暑い夜だったので、冷蔵庫をあけっぱなしで寝た。,FALSE
802,2930,授業中学校の先生に指された時は、大きな声でハッキリと答える,FALSE
803,2406,祖父を亡くした友達に、お悔やみメールを送る,FALSE
804,15804,対象年齢外だったが、ばれないので応募した,FALSE
805,13635,彼女が泊まりに行きたいと言ったので高級ホテルに行った,FALSE
806,17225,明日の朝は早く起きないといけないので早めに寝る。,FALSE
807,9688,子供が作った泥団子を割った,FALSE
808,12569,眼鏡を探していた祖父に顕微鏡を渡した,FALSE
809,4050,エアコンの室外機の周りに植木鉢は置かない,FALSE
810,5805,むしゃくしゃしていたので店頭のぬいぐるみに火をつけて逃げた,FALSE
811,17510,3時に待ち合わせの約束なので、3時半に家を出た,FALSE
812,18846,未成年が煙草を買う,FALSE
813,18999,バスケットの練習で骨折をしたので、練習を休ませた,FALSE
814,3799,買い物をしたあと、店のかごを持って帰る。,FALSE
815,16131,冬至の日に冬至粥を食べる,FALSE
816,4353,ボウリング場で、ボウリングをした,FALSE
817,8060,新しいグローブを柔らかくするために枕の下に置いて寝る,FALSE
818,7732,昼間に住宅街でバーベキューを楽しんだ。,FALSE
819,6770,図書館で借りた本に赤のボールペンで書き込みをした。,FALSE
820,15168,同じマンションに住んでいる女性が気に入り、つきまとい行為を始めた。,FALSE
821,7278,新築祝いに白いキャデラックをプレゼントした。,FALSE
822,14069,急用ができたので、赤ちゃんを託児所に預けた。,FALSE
823,8288,仕事から疲れて帰ってきた母親に夕飯をつくってあげた,FALSE
824,4885,親に隠れて脱法ドラッグを運ぶ。,FALSE
825,8822,友達の素晴らしい特技をネットに公開する,FALSE
826,15320,回覧板が回ってきたので、読んで1週間後に次の人に回した。,FALSE
827,9240,母親の肩こりを何とかしたいと思い、肩をもんだ。,FALSE
828,16894,口に食べ物を入れたまま話す,FALSE
829,11960,友達のマスクの紐が切れたので代わりのマスクを渡した,FALSE
830,13458,瞳の中の渇きを潤すため硫酸で洗った,FALSE
831,14014,嫌な事が続いてむしゃくしゃしたので、通りすがりの子どもに唾を吐いた,FALSE
832,8443,物価が高騰しているので、散財している。,FALSE
833,5961,ホテルの水道の蛇口を開けたまま観光に出かける,FALSE
834,13037,どうしても引き抜きたいと丁寧にラブコールを送る,FALSE
835,1085,ステーキに箸を刺して食べた,FALSE
836,6956,ハウステンボスに行ったとき、咲いているチューリップの花を取って持ち帰った。,FALSE
837,10335,バナナが腐っていたから食べた。,FALSE
838,7729,用事があったので、信号の近くで車を停車させた。,FALSE
839,1183,電車に乗り遅れそうになったので、エレベーターを走って駆け下りた,FALSE
840,8055,高齢の父親を放置する,FALSE
841,4848,混んでいる電車の中で、膝をつけて座る。,FALSE
842,13257,廊下がとても汚れていたので丁寧に拭いた,FALSE
843,2496,スマホゲームで勝てないので、むしゃくしゃしてやけ食いする,FALSE
844,12811,ゴミ箱を叩く,FALSE
845,5450,喉が乾いたので友人に何か飲み物をもらえるか聞いた。,FALSE
846,16305,銭湯で下駄箱から自分の靴を取り出して履いて帰った,FALSE
847,16864,頭をさわるなと怒る,FALSE
848,6493,こけた老人を見ても知らないふりをする,FALSE
849,16448,学校で国語の時間にプールで泳いでいた。,FALSE
850,11943,資格試験を受ける甥っ子に安産のお守りを渡した,FALSE
851,13562,子供の誕生日プレゼントの箱の中にお化けのぬいぐるみを入れた,FALSE
852,6835,いい儲け話があるらしいと言って、友達に人から聞いた副業の話をした。,FALSE
853,15237,高熱が出たので、救急車を呼んだ。,FALSE
854,15599,友達の好きな人に関する事実の話を友達に話した,FALSE
855,5884,エサを求めて寄ってきた池の鯉に向かってパンくずをまく,FALSE
856,3512,使用済みのくじを使ってくじ引きをした,FALSE
857,8115,休日にあてもなく街をブラブラする,FALSE
858,9749,電車の優先席で読書をする,FALSE
859,11145,初めての主役で緊張しないように堂々とするように進言した,FALSE
860,12185,友達にごみをプレゼントした。,FALSE
861,9301,電車に乗っている時に人前で、マスクを外して咳をする。,FALSE
862,8118,紙面上の広告の割合が増えたので新聞の購読を止めた,FALSE
863,961,子供に使用済みのクオカードを渡して「好きなものを買っておいで」と言った,FALSE
864,5360,仕事の前だったが、誰にも迷惑をかけないのでサプリメントを飲んで出勤した。,FALSE
865,10158,税金を払ったことは無いが、税関職員として空港で手荷物検査を担当している,FALSE
866,1969,子供を家に残して出かけるのに、ご飯を置いていかなかった,FALSE
867,2142,高速道路で前の車がゆっくり運転していたので、車線変更をした。,FALSE
868,12760,お風呂掃除をしている母に声をかけた,FALSE
869,5668,貧しいので、自分の意思で風俗で働くことを選んだ,FALSE
870,2066,祖父母の家の庭でバーベキューを行った,FALSE
871,6244,発熱して体調が悪化してきたので、コロナの可能性も考えて、大事をとって退社して休む事にした。,FALSE
872,4297,人事権を与えられたので、公平な評価を心掛ける,FALSE
873,5788,耳の聴こえない相手に対して愛の言葉を囁き続ける,FALSE
874,16580,真剣な表情をして仕事をしている同僚の顔を見て大笑いした,FALSE
875,16573,スーパーの駐車場で車を駐車区画におさまるように駐車した,FALSE
876,5118,お店で食べたスープが美味しかったので、パンで最後まで食べた。,FALSE
877,15490,庭の水撒きをしていた時、人が通りがかったのでその人に向けて水を撒いた,FALSE
878,7199,道路の真ん中を自動車で走る。,FALSE
879,8844,試験の時に携帯電話を持ち込み、応援メッセージを見た,FALSE
880,7525,お腹をこわしたので、夕食は天丼を食べた。,FALSE
881,14359,消しゴムが無かったので、頼んで使わせてもらった。,FALSE
882,7271,公園で雑草を植えた。,FALSE
883,1028,友達の手首にブレスレットをつけてあげた,FALSE
884,15411,目の前にヤギがいたのでミルクを飲ませた,FALSE
885,16553,インフルエンザに罹ったので仕事を休んだ,FALSE
886,7589,卒業旅行では心に残る思い出を作りたかったので、記憶が無くなるまでお酒を飲んだ。,FALSE
887,10773,携帯の充電器を見知らぬ人から借りる,FALSE
888,6024,飼育している亀を識別するためにマイクロチップを埋め込む,FALSE
889,8529,税金の支払を少なくしたいので、帳簿を改ざんする。,FALSE
890,3777,電車の写真を撮るために、線路に入って撮影をする。,FALSE
891,10612,私の代わりに祖母が猫の餌をあげてくれた。,FALSE
892,11184,怪我をして動けない犬を山に連れて行った,FALSE
893,3490,ダイエット中なのにお菓子をたくさん食べすぎてしまった,FALSE
894,3573,お正月に門松を飾る,FALSE
895,6463,神様を敬わないと言い切り、神社の石を踏む,FALSE
896,12557,トイレの後に洗った手をハンカチで拭いて乾かした,FALSE
897,15240,足つぼマッサージでお客様に下痢のツボを押してあげた,FALSE
898,11505,杖をついて歩いている老人を見かけたため、手を貸した。,FALSE
899,10528,美味しい紅茶と、クッキーを食べた。,FALSE
900,17731,お祭りの屋台で子供のお土産にお面を買って帰った,FALSE
901,16895,口の食べ物を飲み込んでから話す。,FALSE
902,18599,雪がたくさん積もっていたので長靴で歩かせた,FALSE
903,15820,面接で寝る,FALSE
904,18247,公共の場以外でマスクをしていなくて散歩している人について何か理由があるのではと考える,FALSE
905,9732,食べ切れない野菜を廃棄する,FALSE
906,6736,アルコールを飲んでほろ酔いになったせいで、スピード違反をしてしまった。,FALSE
907,937,学校の黒板にマジックで文字を書いた,FALSE
908,3048,一週間前に買ったりんごを切ると、美味しかったので再購入しようと、急いでスーパーに行った,FALSE
909,16145,子供のぐらついた歯を力づくで抜く,FALSE
910,10312,道の先に倒れている人が見えたので、家に引き返して救急車を呼んだ,FALSE
911,7802,自転車置き場に置かれているゴミ箱にごみを捨てる。,FALSE
912,3895,電車で騒ぐ人の動画を撮って個人情報と一緒にインターネットにあげた。,FALSE
913,11698,雨が降ってきたので、他人の傘をさして帰る,FALSE
914,12705,冷えたビールのおつまみに小石を用意した,FALSE
915,3980,特売セールで商品を購入した,FALSE
916,13290,タワーマンション建設反対の運動をしていたので排除した,FALSE
917,8320,算数の教科書を捜している妹に協力していっしょに算数の教科書を捜した,FALSE
918,6933,居酒屋で側で飲んでいる客が気に入らなかったので、一杯飲んですぐに帰った。,FALSE
919,3902,「明日映画に行こう」と約束をした日に服を買いに行く。,FALSE
920,5801,嫌がっているのにおしゃれだからと愛犬の耳にピアスの穴を開けた,FALSE
921,8571,家庭内で飼育するのが難しくなったので、外来種の魚を近所の池に放流した。,FALSE
922,11380,顔が好みの生徒を野球部のレギュラーとして選んだ。,FALSE
923,17469,友達の頬が汚れていたので、ハンカチでふいてあげた。,FALSE
924,18512,気に入らない友人の下駄箱の上履きに画鋲を入れる,FALSE
925,15529,胃の手術をした人のお見舞いに花束を持っていく。,FALSE
926,2572,お客さんの洋服にお酒をこぼしたら、食事代の割引を請求された,FALSE
927,15282,あまりに仕事をしすぎて疲労を感じるのでお酒を飲んで休憩し、また取り掛かった。,FALSE
928,18886,階段を降りるときに危ないので走って降りた,FALSE
929,4506,紙を切るというので洗濯バサミを渡す。,FALSE
930,10338,扇風機に指を入れて遊べないように保護網を付けた。,FALSE
931,18434,屋上でタバコをポイ捨てした人がいたので屋上から突き落とした,FALSE
932,14175,お正月を含めご祝儀のお祝いには、使い古しのお札ではなく、新しいお札を用意する,FALSE
933,4689,ドアが閉まりかけの電車を見送って次の電車に乗る。,FALSE
934,10011,ショッピングセンターで迷子の子供を見つけたので、総合案内へつれて行った。,FALSE
935,18161,知らないおばあさんに話しかけられたので、「どうしましたか？」と返した。,FALSE
936,9677,道路でサッカーをする,FALSE
937,3965,追われていたので道路に飛び込んだ,FALSE
938,19686,喘息の子供の前でたばこを吸った。,FALSE
939,5569,元彼女の結婚式に呼ばれてもいないのに参加する,FALSE
940,5904,長時間座ったままのフライトに疲弊し、飛行機のトイレと座席の間を歩く,FALSE
941,2335,図工の時間にはさみを貸してあげようと、はさみの刃を自分に向けて渡しました。,FALSE
942,11037,友人がお金に困っていたのでアルバイトを紹介してあげた,FALSE
943,14496,サッカースタジアムで試合の応援中に、寒さを温める薪を燃やした。,FALSE
944,8293,道路で兄の落としたメガネを踏んづけた,FALSE
945,19632,動物園に行き、猿の群れに向かって石を投げつけた。,FALSE
946,6688,ため息をつくと幸せが逃げるかもしれないが仕方ないよねと慰める,FALSE
947,9682,野球選手の試合中の写真を撮った,FALSE
948,5226,芳香剤を入れた部屋に父を閉じ込めた。,FALSE
949,2767,製品を販売している、会社員の住所をネットに書き込んだ。,FALSE
950,18787,道路の脇に通学中の子供たちがいたのでスピードを落として走った,FALSE
951,16043,職員に呼び止められたので、走って逃げた。,FALSE
952,13709,子供が頭が痛いと言うので頭痛薬の粒を飲ませた,FALSE
953,2813,郵便ポストに、お皿を入れた。,FALSE
954,14815,電車で鼻がムズムズしたので、静かに鼻をかんだ,FALSE
955,15216,結婚する友達のお祝いに不幸の手紙を送った,FALSE
956,19087,コップを割ってしまったので謝った,FALSE
957,9827,自分の子供の写真をＳＮＳに載せようと、周りに映った子供たちにはモザイクをかけて載せた。,FALSE
958,13085,お弁当を作っていて虫が混入したので新しいものと取り替えた,FALSE
959,9684,有害な書物を子供たちから隠す,FALSE
960,7388,徹夜でサッカー観戦をしたので、授業中に居眠りをしてしまった。,FALSE
961,17672,ソファーのクッションに針を入れる。,FALSE
962,89,言うことを聞かなかったので、その日は丸一日ご飯抜きにした,FALSE
963,8381,知人の子育て方針に干渉した,FALSE
964,14399,筆記用具を忘れた友達に新品のボールペンを貸してあげた,FALSE
965,9653,ネズミを捕まえるための罠を仕掛ける,FALSE
966,13209,分厚くて風を通さないダウンジャケットを彼氏にあげた,FALSE
967,18779,ペットの金魚に餌をあげる。,FALSE
968,11507,職場内の一人だけを結婚式に呼んだ。,FALSE
969,12466,ミシンを使って洋服を縫う。,FALSE
970,7459,携帯電話の電池が切れそうになったので、こっそり教室のコンセントで充電した。,FALSE
971,11593,映画館の席に座って観る,FALSE
972,17719,泥酔している友達を介抱した,FALSE
973,4166,太陽が東から出て西に沈んだ,FALSE
974,12556,トイレの後に洗った手を振り回して乾かした,FALSE
975,16842,リラックスして面接に挑むため、お気に入りのパジャマを来て会場に向かった,FALSE
976,16787,友達の家に置き忘れていたコミックスを家に持って帰った。,FALSE
977,3071,運動を続けるには、地域のスポーツ同好会に入ると良いと勧められたので、さっそく入会して毎回参加し見学している,FALSE
978,19003,有料屋外施設で入場料を払って入場した,FALSE
979,14230,遅刻をしそうだったのでそのまま休んだ。,FALSE
980,2768,製品を販売している、会社の住所をネットに書き込んだ。,FALSE
981,4074,労働基準法で定められた時間内で働かせた,FALSE
982,16311,水たまりにはまってしまった,FALSE
983,4014,サッカーの試合で足で押し込んでゴールを決めた,FALSE
984,16329,弟子を育てる。,FALSE
985,12152,皿を水道水で洗った。,FALSE
986,12285,旗を使って、大掃除を行った。,FALSE
987,18412,トイレに行ってなかなか帰ってこない友人を置いて帰った,FALSE
988,1338,綺麗な絵画があったので、模写をした,FALSE
989,10552,駅に行くためにバスに乗った。,FALSE
990,19679,立ち入り禁止と書かれた柵を立てた。,FALSE
991,9186,座席の前に座高の高い男が座ってきたので、別の席に移動した,FALSE
992,19521,風邪で休んでいた子の荷物を家に届ける,FALSE
993,10611,私の代わりに猫が祖母の餌をあげてくれた。,FALSE
994,18073,野球の試合が満員で白熱しており選手がやる気になる,FALSE
995,1347,校庭で遊んでいたら、ボールが屋根の上に乗ってしまったので、内緒にした,FALSE
996,16306,お客様の声アンケートの箱にいらなくなったレシートを入れた,FALSE
997,19136,甥っ子に、シェービングクリームを舐めさせた。,FALSE
998,4853,冗談半分で障碍者をからかった。,FALSE
999,1078,歯の悪いおばあちゃんにぬれ煎餅をあげた,FALSE
1000,1600,明るいところでテレビを見る,FALSE
,,,FALSE
,,,FALSE